Node,Code,HasEye
yu8hp,Corballis_11_170426,FALSE
yu8hp,Corballis_62_170802,FALSE
yu8hp,Corballis_44_170710,FALSE
yu8hp,Corballis_03_170411,FALSE
yu8hp,Corballis_24_170511,FALSE
yu8hp,Corballis_37_170526,FALSE
yu8hp,Corballis_01_170410,FALSE
yu8hp,Corballis_65_170802,FALSE
yu8hp,Corballis_38_170530,FALSE
yu8hp,Corballis_20_170509,FALSE
yu8hp,Corballis_57_170801,FALSE
yu8hp,Corballis_19_170509,FALSE
yu8hp,Corballis_42_170609,FALSE
yu8hp,Corballis_58_170801,FALSE
yu8hp,Corballis_12_170428,FALSE
yu8hp,Corballis_50_170725,FALSE
yu8hp,Corballis_30_170523,FALSE
yu8hp,Corballis_15_170505,FALSE
yu8hp,Corballis_29_170523,FALSE
yu8hp,Corballis_05_170412,FALSE
yu8hp,Corballis_43_170613,FALSE
yu8hp,Corballis_49_170725,FALSE
yu8hp,Corballis_28_170519,FALSE
yu8hp,Corballis_08_170420,FALSE
yu8hp,Corballis_27_170517,FALSE
yu8hp,Corballis_34_170525,FALSE
yu8hp,Corballis_54_170728,FALSE
yu8hp,Corballis_40_170531,FALSE
yu8hp,Corballis_66_170802,FALSE
yu8hp,Corballis_21_170509,FALSE
yu8hp,Corballis_33_170523,FALSE
yu8hp,Corballis_53_170727,FALSE
yu8hp,Corballis_60_170801,FALSE
yu8hp,Corballis_59_170801,FALSE
yu8hp,Corballis_31_170523,FALSE
yu8hp,Corballis_04_170411,FALSE
yu8hp,Corballis_47_170721,FALSE
yu8hp,Corballis_16_170508,FALSE
yu8hp,Corballis_26_170517,FALSE
yu8hp,Corballis_46_170718,FALSE
yu8hp,Corballis_35_170525,FALSE
yu8hp,Corballis_32_170523,FALSE
yu8hp,Corballis_09_170421,FALSE
yu8hp,Corballis_55_170728,FALSE
yu8hp,Corballis_52_170727,FALSE
yu8hp,Corballis_67_170803,FALSE
yu8hp,Corballis_22_170509,FALSE
yu8hp,Corballis_10_170426,FALSE
yu8hp,Corballis_68_170803,FALSE
yu8hp,Corballis_61_170801,FALSE
yu8hp,Corballis_07_170419,FALSE
yu8hp,Corballis_36_170526,FALSE
yu8hp,Corballis_63_170802,FALSE
yu8hp,Corballis_02_170411,FALSE
yu8hp,Corballis_17_170508,FALSE
yu8hp,Corballis_64_170802,FALSE
yu8hp,Corballis_39_170531,FALSE
yu8hp,Corballis_41_170607,FALSE
yu8hp,Corballis_56_170801,FALSE
yu8hp,Corballis_18_170508,FALSE
yu8hp,Corballis_13_170504,FALSE
yu8hp,Corballis_45_170717,FALSE
yu8hp,Corballis_25_170517,FALSE
yu8hp,Corballis_14_170505,FALSE
yu8hp,Corballis_48_170724,FALSE
yu8hp,Corballis_06_170412,FALSE
vzt3a,Chen_p0056_260517,FALSE
vzt3a,Chen_p0054_260517,FALSE
vzt3a,Chen_p0050_230517,FALSE
vzt3a,Chen_p0044_190517,FALSE
vzt3a,Chen_p0042_180517,FALSE
vzt3a,Chen_p0028_110517,FALSE
vzt3a,Chen_p0036_150517,FALSE
vzt3a,Chen_p0006_030517,FALSE
vzt3a,Chen_p0040_170517,FALSE
vzt3a,Chen_p0020_080517,FALSE
vzt3a,Chen_p0012_040517,FALSE
vzt3a,Chen_p0005_020517,FALSE
vzt3a,Chen_p0031_120517,FALSE
vzt3a,Chen_p0008_030517,FALSE
vzt3a,Chen_p0001_010517,FALSE
vzt3a,Chen_p0034_150517,FALSE
vzt3a,Chen_p0015_050517,FALSE
vzt3a,Chen_p0060_060617,FALSE
vzt3a,Chen_p0059_060617,FALSE
vzt3a,Chen_p0053_250517,FALSE
vzt3a,Chen_p0049_220517,FALSE
vzt3a,Chen_p0002_010517,FALSE
vzt3a,Chen_p0023_090517,FALSE
vzt3a,Chen_p0003_020517,FALSE
vzt3a,Chen_p0037_150517,FALSE
vzt3a,Chen_p0039_170517,FALSE
vzt3a,Chen_p0019_080517,FALSE
vzt3a,Chen_p0032_120517,FALSE
vzt3a,Chen_p0013_050517,FALSE
vzt3a,Chen_p0062_140617,FALSE
vzt3a,Chen_p0061_070617,FALSE
vzt3a,Chen_p0057_290517,FALSE
vzt3a,Chen_p0055_260517,FALSE
vzt3a,Chen_p0051_230517,FALSE
vzt3a,Chen_p0047_220517,FALSE
vzt3a,Chen_p0045_190517,FALSE
vzt3a,Chen_p0041_170517,FALSE
vzt3a,Chen_p0021_090517,FALSE
vzt3a,Chen_p0035_150517,FALSE
vzt3a,Chen_p0010_040517,FALSE
vzt3a,Chen_p0017_080517,FALSE
vzt3a,Chen_p0029_110517,FALSE
vzt3a,Chen_p0026_100517,FALSE
vzt3a,Chen_p0058_020617,FALSE
vzt3a,Chen_p0052_250517,FALSE
vzt3a,Chen_p0043_180517,FALSE
vzt3a,Chen_p0007_030517,FALSE
vzt3a,Chen_p0033_130517,FALSE
vzt3a,Chen_p0027_100517,FALSE
vzt3a,Chen_p0014_050517,FALSE
vzt3a,Chen_p0022_090517,FALSE
vzt3a,Chen_p0016_050517,FALSE
vzt3a,Chen_p0024_090517,FALSE
vzt3a,Chen_p0004_020517,FALSE
vzt3a,Chen_p0048_220517,FALSE
vzt3a,Chen_p0046_210517,FALSE
vzt3a,Chen_p0011_040517,FALSE
vzt3a,Chen_p0038_170517,FALSE
vzt3a,Chen_p0018_080517,FALSE
vzt3a,Chen_p0025_100517,FALSE
vzt3a,Chen_p0009_040517,FALSE
8gdp3,70s,FALSE
8gdp3,81s,FALSE
8gdp3,92s,FALSE
8gdp3,17s,FALSE
8gdp3,108s,FALSE
8gdp3,28s,FALSE
8gdp3,119s,FALSE
8gdp3,39s,FALSE
8gdp3,9s,FALSE
8gdp3,35s,FALSE
8gdp3,46s,FALSE
8gdp3,57s,FALSE
8gdp3,13s,FALSE
8gdp3,104s,FALSE
8gdp3,115s,FALSE
8gdp3,79s,FALSE
8gdp3,111s,FALSE
8gdp3,75s,FALSE
8gdp3,31s,FALSE
8gdp3,122s,FALSE
8gdp3,86s,FALSE
8gdp3,42s,FALSE
8gdp3,97s,FALSE
8gdp3,53s,FALSE
8gdp3,100s,FALSE
8gdp3,64s,FALSE
8gdp3,20s,FALSE
8gdp3,71s,FALSE
8gdp3,82s,FALSE
8gdp3,93s,FALSE
8gdp3,60s,FALSE
8gdp3,18s,FALSE
8gdp3,109s,FALSE
8gdp3,29s,FALSE
8gdp3,58s,FALSE
8gdp3,14s,FALSE
8gdp3,105s,FALSE
8gdp3,69s,FALSE
8gdp3,25s,FALSE
8gdp3,116s,FALSE
8gdp3,36s,FALSE
8gdp3,47s,FALSE
8gdp3,87s,FALSE
8gdp3,43s,FALSE
8gdp3,98s,FALSE
8gdp3,54s,FALSE
8gdp3,10s,FALSE
8gdp3,101s,FALSE
8gdp3,21s,FALSE
8gdp3,112s,FALSE
8gdp3,76s,FALSE
8gdp3,32s,FALSE
8gdp3,123s,FALSE
8gdp3,83s,FALSE
8gdp3,94s,FALSE
8gdp3,61s,FALSE
8gdp3,72s,FALSE
8gdp3,90s,FALSE
8gdp3,19s,FALSE
8gdp3,15s,FALSE
8gdp3,106s,FALSE
8gdp3,26s,FALSE
8gdp3,117s,FALSE
8gdp3,37s,FALSE
8gdp3,48s,FALSE
8gdp3,59s,FALSE
8gdp3,55s,FALSE
8gdp3,11s,FALSE
8gdp3,102s,FALSE
8gdp3,66s,FALSE
8gdp3,22s,FALSE
8gdp3,113s,FALSE
8gdp3,77s,FALSE
8gdp3,33s,FALSE
8gdp3,124s,FALSE
8gdp3,88s,FALSE
8gdp3,44s,FALSE
8gdp3,99s,FALSE
8gdp3,95s,FALSE
8gdp3,62s,FALSE
8gdp3,73s,FALSE
8gdp3,120s,FALSE
8gdp3,84s,FALSE
8gdp3,40s,FALSE
8gdp3,91s,FALSE
8gdp3,80s,FALSE
8gdp3,118s,FALSE
8gdp3,38s,FALSE
8gdp3,16s,FALSE
8gdp3,107s,FALSE
8gdp3,27s,FALSE
8gdp3,67s,FALSE
8gdp3,23s,FALSE
8gdp3,114s,FALSE
8gdp3,78s,FALSE
8gdp3,34s,FALSE
8gdp3,125s,FALSE
8gdp3,89s,FALSE
8gdp3,45s,FALSE
8gdp3,56s,FALSE
8gdp3,12s,FALSE
8gdp3,103s,FALSE
8gdp3,63s,FALSE
8gdp3,110s,FALSE
8gdp3,74s,FALSE
8gdp3,30s,FALSE
8gdp3,121s,FALSE
8gdp3,85s,FALSE
8gdp3,41s,FALSE
8gdp3,96s,FALSE
8gdp3,52s,FALSE
ecdmw,Treccani_S40_150617,FALSE
ecdmw,Treccani_S25_310517,TRUE
ecdmw,Treccani_S06_100517,FALSE
ecdmw,Treccani_S14_240517,TRUE
ecdmw,Treccani_S19_290517,FALSE
ecdmw,Treccani_S23_300517,FALSE
ecdmw,Treccani_S31_090617,TRUE
ecdmw,Treccani_S29_060617,TRUE
ecdmw,Treccani_S32_120617,TRUE
ecdmw,Treccani_S56_110717,FALSE
ecdmw,Treccani_S50_220617,TRUE
ecdmw,Treccani_S47_210617,FALSE
ecdmw,Treccani_S38_140617,TRUE
ecdmw,Treccani_S04_050517,TRUE
ecdmw,Treccani_S27_010617,TRUE
ecdmw,Treccani_S22_300517,TRUE
ecdmw,Treccani_S08_150517,FALSE
ecdmw,Treccani_S54_060717,FALSE
ecdmw,Treccani_S52_270617,FALSE
ecdmw,Treccani_S51_230617,TRUE
ecdmw,Treccani_S48_210617,TRUE
ecdmw,Treccani_S11_160517,TRUE
ecdmw,Treccani_S30_090617,TRUE
ecdmw,Treccani_S07_110517,TRUE
ecdmw,Treccani_S21_290517,FALSE
ecdmw,Treccani_S02_130417,TRUE
ecdmw,Treccani_S24_310517,TRUE
ecdmw,Treccani_S36_130617,FALSE
ecdmw,Treccani_S05_100517,FALSE
ecdmw,Treccani_S58_180717,FALSE
ecdmw,Treccani_S57_180717,FALSE
ecdmw,Treccani_S55_110717,FALSE
ecdmw,Treccani_S53_060717,FALSE
ecdmw,Treccani_S49_220617,FALSE
ecdmw,Treccani_S46_200617,TRUE
ecdmw,Treccani_S44_199617,FALSE
ecdmw,Treccani_S43_160617,TRUE
ecdmw,Treccani_S41_150617,TRUE
ecdmw,Treccani_S13_230517,TRUE
ecdmw,Treccani_S18_260517,TRUE
ecdmw,Treccani_S34_120617,FALSE
ecdmw,Treccani_S17_250517,TRUE
ecdmw,Treccani_S26_310517,FALSE
ecdmw,Treccani_S15_240517,TRUE
ecdmw,Treccani_S60_200717,FALSE
ecdmw,Treccani_S59_190717,FALSE
ecdmw,Treccani_S45_190617,FALSE
ecdmw,Treccani_S42_160617,TRUE
ecdmw,Treccani_S37_130617,FALSE
ecdmw,Treccani_S12_190517,TRUE
ecdmw,Treccani_S20_290517,FALSE
ecdmw,Treccani_S01_130417,TRUE
ecdmw,Treccani_S35_130617,FALSE
ecdmw,Treccani_S09_150517,FALSE
ecdmw,Treccani_S10_160517,FALSE
ecdmw,Treccani_S33_120617,TRUE
ecdmw,Treccani_S39_140617,FALSE
ecdmw,Treccani_S16_250517,FALSE
ecdmw,Treccani_S28_050617,TRUE
ecdmw,Treccani_S03_140417,TRUE
xmyd9,Ortiz_25_171010,TRUE
xmyd9,Ortiz_23_171010,TRUE
xmyd9,Ortiz_14_171010,FALSE
xmyd9,Ortiz_4_170522,TRUE
xmyd9,Ortiz_7_170524,TRUE
xmyd9,Ortiz_5_170524,TRUE
xmyd9,Ortiz_22_171005,TRUE
xmyd9,Ortiz_2_171016,FALSE
xmyd9,Ortiz_18_170927,TRUE
xmyd9,Ortiz_5_171017,FALSE
xmyd9,Ortiz_12_171017,FALSE
xmyd9,Ortiz_16_170927,TRUE
xmyd9,Ortiz_7_171017,FALSE
xmyd9,Ortiz_25_171018,FALSE
xmyd9,Ortiz_23_171018,FALSE
xmyd9,Ortiz_20_171018,FALSE
xmyd9,Ortiz_17_170928,TRUE
xmyd9,Ortiz_17_171018,FALSE
xmyd9,Ortiz_30_171019,FALSE
xmyd9,Ortiz_26_171011,TRUE
xmyd9,Ortiz_21_171004,TRUE
xmyd9,Ortiz_12_170925,TRUE
xmyd9,Ortiz_9_170525,TRUE
xmyd9,Ortiz_13_170926,TRUE
xmyd9,Ortiz_14_170926,TRUE
xmyd9,Ortiz_10_171017,FALSE
xmyd9,Ortiz_1_171027,TRUE
xmyd9,Ortiz_13_171017,FALSE
xmyd9,Ortiz_15_170927,TRUE
xmyd9,Ortiz_9_171017,FALSE
xmyd9,Ortiz_6_171017,FALSE
xmyd9,Ortiz_26_171018,FALSE
xmyd9,Ortiz_28_171018,TRUE
xmyd9,Ortiz_15_171018,FALSE
xmyd9,Ortiz_19_171018,FALSE
xmyd9,Ortiz_28_171019,FALSE
xmyd9,Ortiz_11_171019,FALSE
xmyd9,Ortiz_19_170929,TRUE
xmyd9,Ortiz_24_171010,TRUE
xmyd9,Ortiz_1_171010,FALSE
xmyd9,Ortiz_2_170522,TRUE
xmyd9,Ortiz_3_170522,TRUE
xmyd9,Ortiz_20_171004,TRUE
xmyd9,Ortiz_30_171025,TRUE
xmyd9,Ortiz_11_170526,TRUE
xmyd9,Ortiz_10_171107,TRUE
xmyd9,Ortiz_8_171107,TRUE
xmyd9,Ortiz_27_171017,TRUE
xmyd9,Ortiz_3_171017,FALSE
xmyd9,Ortiz_4_171017,FALSE
xmyd9,Ortiz_8_171017,FALSE
xmyd9,Ortiz_27_171018,FALSE
xmyd9,Ortiz_24_171018,FALSE
xmyd9,Ortiz_22_171018,FALSE
xmyd9,Ortiz_21_171018,FALSE
xmyd9,Ortiz_18_171018,FALSE
xmyd9,Ortiz_16_171018,FALSE
6ea38,lukavsky_34_170530,TRUE
6ea38,lukavsky_80_170801,TRUE
6ea38,lukavsky_78_170731,TRUE
6ea38,lukavsky_38_170602,TRUE
6ea38,lukavsky_70_170712,TRUE
6ea38,lukavsky_12_170522,TRUE
6ea38,lukavsky_66_170704,TRUE
6ea38,lukavsky_52_170615,TRUE
6ea38,lukavsky_25_170525,TRUE
6ea38,lukavsky_44_170606,TRUE
6ea38,lukavsky_55_170616,TRUE
6ea38,lukavsky_77_170727,TRUE
6ea38,lukavsky_75_170727,TRUE
6ea38,lukavsky_27_170529,TRUE
6ea38,lukavsky_28_170529,TRUE
6ea38,lukavsky_59_170619,TRUE
6ea38,lukavsky_29_170529,TRUE
6ea38,lukavsky_30_170529,TRUE
6ea38,lukavsky_31_170529,TRUE
6ea38,lukavsky_57_170619,TRUE
6ea38,lukavsky_65_170630,TRUE
6ea38,lukavsky_32_170530,TRUE
6ea38,lukavsky_68_170710,TRUE
6ea38,lukavsky_79_170801,TRUE
6ea38,lukavsky_36_170531,TRUE
6ea38,lukavsky_83_170802,TRUE
6ea38,lukavsky_82_170802,TRUE
6ea38,lukavsky_10_170522,TRUE
6ea38,lukavsky_11_170522,TRUE
6ea38,lukavsky_13_170523,TRUE
6ea38,lukavsky_62_170623,TRUE
6ea38,lukavsky_14_170523,TRUE
6ea38,lukavsky_71_170713,TRUE
6ea38,lukavsky_26_170525,TRUE
6ea38,lukavsky_72_170726,TRUE
6ea38,lukavsky_54_170616,TRUE
6ea38,lukavsky_76_170727,TRUE
6ea38,lukavsky_47_170608,TRUE
6ea38,lukavsky_46_170608,TRUE
6ea38,lukavsky_81_170802,TRUE
6ea38,lukavsky_39_170602,TRUE
6ea38,lukavsky_84_170803,TRUE
6ea38,lukavsky_15_170523,TRUE
6ea38,lukavsky_61_170623,TRUE
6ea38,lukavsky_63_170623,TRUE
6ea38,lukavsky_19_170524,TRUE
6ea38,lukavsky_20_170524,TRUE
6ea38,lukavsky_17_170524,TRUE
6ea38,lukavsky_48_170614,TRUE
6ea38,lukavsky_18_170524,TRUE
6ea38,lukavsky_51_170615,TRUE
6ea38,lukavsky_23_170525,TRUE
6ea38,lukavsky_74_170726,TRUE
6ea38,lukavsky_73_170726,TRUE
6ea38,lukavsky_42_170606,TRUE
6ea38,lukavsky_43_170606,TRUE
6ea38,lukavsky_53_170616,TRUE
6ea38,lukavsky_45_170607,TRUE
6ea38,lukavsky_86_170818,TRUE
6ea38,lukavsky_85_170818,TRUE
6ea38,lukavsky_58_170619,TRUE
xb6t2,Lindemann_Participant_50,FALSE
xb6t2,Lindemann_Participant_10,FALSE
xb6t2,Lindemann_Participant_11,FALSE
xb6t2,Lindemann_Participant_12,FALSE
xb6t2,Lindemann_Participant_13,FALSE
xb6t2,Lindemann_Participant_14,FALSE
xb6t2,Lindemann_Participant_15,FALSE
xb6t2,Lindemann_Participant_16,FALSE
xb6t2,Lindemann_Participant_17,FALSE
xb6t2,Lindemann_Participant_18,FALSE
xb6t2,Lindemann_Participant_19,FALSE
xb6t2,Lindemann_Participant_30,FALSE
xb6t2,Lindemann_Participant_20,FALSE
xb6t2,Lindemann_Participant_31,FALSE
xb6t2,Lindemann_Participant_21,FALSE
xb6t2,Lindemann_Participant_32,FALSE
xb6t2,Lindemann_Participant_22,FALSE
xb6t2,Lindemann_Participant_33,FALSE
xb6t2,Lindemann_Participant_23,FALSE
xb6t2,Lindemann_Participant_34,FALSE
xb6t2,Lindemann_Participant_24,FALSE
xb6t2,Lindemann_Participant_35,FALSE
xb6t2,Lindemann_Participant_25,FALSE
xb6t2,Lindemann_Participant_36,FALSE
xb6t2,Lindemann_Participant_26,FALSE
xb6t2,Lindemann_Participant_37,FALSE
xb6t2,Lindemann_Participant_27,FALSE
xb6t2,Lindemann_Participant_28,FALSE
xb6t2,Lindemann_Participant_38,FALSE
xb6t2,Lindemann_Participant_29,FALSE
xb6t2,Lindemann_Participant_39,FALSE
xb6t2,Lindemann_Participant_40,FALSE
xb6t2,Lindemann_Participant_41,FALSE
xb6t2,Lindemann_Participant_1,FALSE
xb6t2,Lindemann_Participant_42,FALSE
xb6t2,Lindemann_Participant_2,FALSE
xb6t2,Lindemann_Participant_43,FALSE
xb6t2,Lindemann_Participant_3,FALSE
xb6t2,Lindemann_Participant_44,FALSE
xb6t2,Lindemann_Participant_4,FALSE
xb6t2,Lindemann_Participant_45,FALSE
xb6t2,Lindemann_Participant_5,FALSE
xb6t2,Lindemann_Participant_46,FALSE
xb6t2,Lindemann_Participant_6,FALSE
xb6t2,Lindemann_Participant_47,FALSE
xb6t2,Lindemann_Participant_7,FALSE
xb6t2,Lindemann_Participant_48,FALSE
xb6t2,Lindemann_Participant_8,FALSE
xb6t2,Lindemann_Participant_49,FALSE
xb6t2,Lindemann_Participant_9,FALSE
fkjbz,cipora_94_020817,FALSE
fkjbz,cipora_92_020817,FALSE
fkjbz,cipora_88_020817,FALSE
fkjbz,cipora_84_270717,FALSE
fkjbz,cipora_82_260717,FALSE
fkjbz,cipora_80_240717,FALSE
fkjbz,cipora_77_190717,FALSE
fkjbz,cipora_09_210617,FALSE
fkjbz,cipora_39_010717,FALSE
fkjbz,cipora_46_050717,FALSE
fkjbz,cipora_71_150717,FALSE
fkjbz,cipora_34_010717,FALSE
fkjbz,cipora_57_100717,FALSE
fkjbz,cipora_62_120717,FALSE
fkjbz,cipora_07_210617,FALSE
fkjbz,cipora_37_010717,FALSE
fkjbz,cipora_12_210617,FALSE
fkjbz,cipora_69_130717,FALSE
fkjbz,cipora_74_190717,FALSE
fkjbz,cipora_03_010617,FALSE
fkjbz,cipora_30_290617,FALSE
fkjbz,cipora_13_220617,FALSE
fkjbz,cipora_55_080717,FALSE
fkjbz,cipora_25_280617,FALSE
fkjbz,cipora_64_120717,FALSE
fkjbz,cipora_67_130717,FALSE
fkjbz,cipora_96_030817,FALSE
fkjbz,cipora_93_020817,FALSE
fkjbz,cipora_91_020817,FALSE
fkjbz,cipora_87_310717,FALSE
fkjbz,cipora_83_260717,FALSE
fkjbz,cipora_81_260717,FALSE
fkjbz,cipora_79_220717,FALSE
fkjbz,cipora_78_190717,FALSE
fkjbz,cipora_76_190717,FALSE
fkjbz,cipora_41_030717,FALSE
fkjbz,cipora_06_210617,FALSE
fkjbz,cipora_04_010617,FALSE
fkjbz,cipora_36_010717,FALSE
fkjbz,cipora_11_210617,FALSE
fkjbz,cipora_68_130717,FALSE
fkjbz,cipora_29_280617,FALSE
fkjbz,cipora_54_080717,FALSE
fkjbz,cipora_74_170717,FALSE
fkjbz,cipora_19_240617,FALSE
fkjbz,cipora_24_280617,FALSE
fkjbz,cipora_32_290617,FALSE
fkjbz,cipora_49_060717,FALSE
fkjbz,cipora_58_100717,FALSE
fkjbz,cipora_66_130717,FALSE
fkjbz,cipora_27_280617,FALSE
fkjbz,cipora_01_290517,FALSE
fkjbz,cipora_08_210617,FALSE
fkjbz,cipora_38_010717,FALSE
fkjbz,cipora_45_050717,FALSE
fkjbz,cipora_50_060717,FALSE
fkjbz,cipora_52_080717,FALSE
fkjbz,cipora_53_080717,FALSE
fkjbz,cipora_73_170717,FALSE
fkjbz,cipora_15_220617,FALSE
fkjbz,cipora_17_240617,FALSE
fkjbz,cipora_23_260617,FALSE
fkjbz,cipora_47_060717,FALSE
fkjbz,cipora_51060717,FALSE
fkjbz,cipora_61_120717,FALSE
fkjbz,cipora_95_030817,FALSE
fkjbz,cipora_90_020817,FALSE
fkjbz,cipora_89_020817,FALSE
fkjbz,cipora_86_310717,FALSE
fkjbz,cipora_85_270717,FALSE
fkjbz,cipora_31_290617,FALSE
fkjbz,cipora_18_240617,FALSE
fkjbz,cipora_48_060717,FALSE
fkjbz,cipora_65_130717,FALSE
fkjbz,cipora_44_050717,FALSE
fkjbz,cipora_26_280617,FALSE
fkjbz,cipora_33_290617,FALSE
fkjbz,cipora_14_220617,FALSE
fkjbz,cipora_16_240617,FALSE
fkjbz,cipora_60_120717,FALSE
fkjbz,cipora_70_130717,FALSE
fkjbz,cipora_72_150717,FALSE
fkjbz,cipora_05_140617,FALSE
fkjbz,cipora_35_010717,FALSE
fkjbz,cipora_20_240617,FALSE
fkjbz,cipora_10_210617,FALSE
fkjbz,cipora_22_260617,FALSE
fkjbz,cipora_42_050717,FALSE
fkjbz,cipora_56080717,FALSE
fkjbz,cipora_28_280617,FALSE
fkjbz,cipora_02_310517,FALSE
fkjbz,cipora_63_120717,FALSE
t5y2h,Mieth_S111_100517,FALSE
t5y2h,Mieth_S57_280417,FALSE
t5y2h,Mieth_S43_260417,FALSE
t5y2h,Mieth_S9_190417,FALSE
t5y2h,Mieth_S30_210417,FALSE
t5y2h,Mieth_S90_080517,FALSE
t5y2h,Mieth_S124_120517,FALSE
t5y2h,Mieth_S114_110517,FALSE
t5y2h,Mieth_S17_200417,FALSE
t5y2h,Mieth_S40_260417,FALSE
t5y2h,Mieth_S108_100517,FALSE
t5y2h,Mieth_S65_020517,FALSE
t5y2h,Mieth_S27_210417,FALSE
t5y2h,Mieth_S89_080517,FALSE
t5y2h,Mieth_S6_180417,FALSE
t5y2h,Mieth_S51_270417,FALSE
t5y2h,Mieth_S61_280417,FALSE
t5y2h,Mieth_S77_030517,FALSE
t5y2h,Mieth_S68_030517,FALSE
t5y2h,Mieth_S121_120517,FALSE
t5y2h,Mieth_S97_090517,FALSE
t5y2h,Mieth_S94_080517,FALSE
t5y2h,Mieth_S102_090517,FALSE
t5y2h,Mieth_S100_090517,FALSE
t5y2h,Mieth_S84_050517,FALSE
t5y2h,Mieth_S38_250417,FALSE
t5y2h,Mieth_S21_200417,FALSE
t5y2h,Mieth_S73_030517,FALSE
t5y2h,Mieth_S48_260417,FALSE
t5y2h,Mieth_S115_110517,FALSE
t5y2h,Mieth_S112_100517,FALSE
t5y2h,Mieth_S31_210417,FALSE
t5y2h,Mieth_S104_100517,FALSE
t5y2h,Mieth_S70_030517,FALSE
t5y2h,Mieth_S66_020517,FALSE
t5y2h,Mieth_S91_080517,FALSE
t5y2h,Mieth_S58_280417,FALSE
t5y2h,Mieth_S8_190417,FALSE
t5y2h,Mieth_S44_260417,FALSE
t5y2h,Mieth_S119_110517,FALSE
t5y2h,Mieth_S86_080517,FALSE
t5y2h,Mieth_S13_190417,FALSE
t5y2h,Mieth_S82_040517,FALSE
t5y2h,Mieth_S41_260417,FALSE
t5y2h,Mieth_S62_020517,FALSE
t5y2h,Mieth_S54_280417,FALSE
t5y2h,Mieth_S18_200417,FALSE
t5y2h,Mieth_S28_210417,FALSE
t5y2h,Mieth_S5_180417,FALSE
t5y2h,Mieth_S32_240417,FALSE
t5y2h,Mieth_S10_190417,FALSE
t5y2h,Mieth_S78_030517,FALSE
t5y2h,Mieth_S69_030517,FALSE
t5y2h,Mieth_S122_120517,FALSE
t5y2h,Mieth_S24_210417,FALSE
t5y2h,Mieth_S85_050517,FALSE
t5y2h,Mieth_S74_030517,FALSE
t5y2h,Mieth_S105_100517,FALSE
t5y2h,Mieth_S98_090517,FALSE
t5y2h,Mieth_S116_110517,FALSE
t5y2h,Mieth_S109_100517,FALSE
t5y2h,Mieth_S52_270417,FALSE
t5y2h,Mieth_S59_280417,FALSE
t5y2h,Mieth_S35_250417,FALSE
t5y2h,Mieth_S45_260417,FALSE
t5y2h,Mieth_S71_030517,FALSE
t5y2h,Mieth_S120_110517,FALSE
t5y2h,Mieth_S55_280417,FALSE
t5y2h,Mieth_S19_200417,FALSE
t5y2h,Mieth_S14_190417,FALSE
t5y2h,Mieth_S22_200417,FALSE
t5y2h,Mieth_S110_100517,FALSE
t5y2h,Mieth_S11_190417,FALSE
t5y2h,Mieth_S46_260417,FALSE
t5y2h,Mieth_S67_020517,FALSE
t5y2h,Mieth_S92_080517,FALSE
t5y2h,Mieth_S15_200417,FALSE
t5y2h,Mieth_S29_210417,FALSE
t5y2h,Mieth_S4_180417,FALSE
t5y2h,Mieth_S36_250417,FALSE
t5y2h,Mieth_S23_180885,FALSE
t5y2h,Mieth_S56_280417,FALSE
t5y2h,Mieth_S39_260417,FALSE
t5y2h,Mieth_S83_040517,FALSE
t5y2h,Mieth_S75_030517,FALSE
t5y2h,Mieth_S42_260417,FALSE
t5y2h,Mieth_S106_100517,FALSE
t5y2h,Mieth_S99_090517,FALSE
t5y2h,Mieth_S63_020517,FALSE
t5y2h,Mieth_S25_210417,FALSE
t5y2h,Mieth_S87_080517,FALSE
t5y2h,Mieth_S123_120517,FALSE
t5y2h,Mieth_S113_110517,FALSE
t5y2h,Mieth_S16_200417,FALSE
t5y2h,Mieth_S3_180417,FALSE
t5y2h,Mieth_S49_270417,FALSE
t5y2h,Mieth_S80_040517,FALSE
t5y2h,Mieth_S95_090517,FALSE
t5y2h,Mieth_S117_110517,FALSE
t5y2h,Mieth_S26_210417,FALSE
t5y2h,Mieth_S76_030517,FALSE
t5y2h,Mieth_S96_090517,FALSE
t5y2h,Mieth_S53_270417,FALSE
t5y2h,Mieth_S72_030517,FALSE
t5y2h,Mieth_S79_040517,FALSE
t5y2h,Mieth_S118_110517,FALSE
t5y2h,Mieth_S103_100517,FALSE
t5y2h,Mieth_S64_020517,FALSE
t5y2h,Mieth_S88_080517,FALSE
t5y2h,Mieth_S7_180417,FALSE
t5y2h,Mieth_S50_270417,FALSE
t5y2h,Mieth_S60_280417,FALSE
t5y2h,Mieth_S2_180417,FALSE
t5y2h,Mieth_S12_190417,FALSE
t5y2h,Mieth_S20_200417,FALSE
t5y2h,Mieth_S47_260417,FALSE
t5y2h,Mieth_S81_040517,FALSE
t5y2h,Mieth_S107_100517,FALSE
t5y2h,Mieth_S93_080517,FALSE
t5y2h,Mieth_S101_090517,FALSE
t5y2h,Mieth_S37_250417,FALSE
t5y2h,Mieth_S34_240417,FALSE
2t9re,Hancock_Participant58_10052017,FALSE
2t9re,Hancock_Participant48_08052017,FALSE
2t9re,Hancock_Participant45_05052017,FALSE
2t9re,Hancock_Participant41_04052017,FALSE
2t9re,Hancock_Participant31_24042017,FALSE
2t9re,Hancock_Participant25_20042017,FALSE
2t9re,Hancock_Participant11_12042017,FALSE
2t9re,Hancock_Participant18_18042017,FALSE
2t9re,Hancock_Participant_11042017,FALSE
2t9re,2,FALSE
2t9re,3,FALSE
2t9re,4,FALSE
2t9re,5,FALSE
2t9re,Hancock_Participant61_11052017,FALSE
2t9re,Hancock_Participant54_09052017,FALSE
2t9re,Hancock_Participant53_09052017,FALSE
2t9re,Hancock_Participant47_05052017,FALSE
2t9re,Hancock_Participant46_05052017,FALSE
2t9re,Hancock_Participant40_04052017,FALSE
2t9re,Hancock_Participant20_18042017,FALSE
2t9re,Hancock_Participant30_24042017,FALSE
2t9re,Hancock_Participant27_20042017,FALSE
2t9re,Hancock_Participant12_12042017,FALSE
2t9re,Hancock_Participant21_19042017,FALSE
2t9re,Hancock_Participant10_12042017,FALSE
2t9re,Hancock_Participant42_04052017,FALSE
2t9re,Hancock_Participant32_24042017,FALSE
2t9re,Hancock_Participant26_20042017,FALSE
2t9re,Hancock_Participant6_11042017,FALSE
2t9re,Hancock_Participant62_11052017,FALSE
2t9re,Hancock_Participant60_11052017,FALSE
2t9re,Hancock_Participant55_09052017,FALSE
2t9re,Hancock_Participant51_08052017,FALSE
2t9re,Hancock_Participant22_19042017,FALSE
2t9re,Hancock_Participant38_03052017,FALSE
2t9re,Hancock_Participant65_12052017,FALSE
2t9re,Hancock_Participant57_10052017,FALSE
2t9re,Hancock_Participant56_10052017,FALSE
2t9re,Hancock_Participant52_08052017,FALSE
2t9re,Hancock_Participant50_08052017,FALSE
2t9re,Hancock_Participant15_14042017,FALSE
2t9re,Hancock_Participant13_12042017,FALSE
2t9re,Hancock_Participant_7_11042017,FALSE
2t9re,Hancock_Participant9_11042017,FALSE
2t9re,Hancock_Participant29_21042017,FALSE
2t9re,Hancock_Participant19_18042017,FALSE
2t9re,Hancock_Participant67_12052017,FALSE
2t9re,Hancock_Participant66_12052017,FALSE
2t9re,Hancock_Participant64_11052017,FALSE
2t9re,Hancock_Participant63_11052017,FALSE
2t9re,Hancock_Participant59_10052017,FALSE
2t9re,Hancock_Participant49_08052017,FALSE
2t9re,Hancock_Participant14_13042017,FALSE
2t9re,Hancock_Participant23_19042017,FALSE
2t9re,Hancock_Participant28_20042017,FALSE
2t9re,Hancock_Participant44_05052017,FALSE
2t9re,Hancock_Participant24_19042017,FALSE
2t9re,Hancock_Participant17_17042017,FALSE
2t9re,Hancock_Participant16_14042017,FALSE
2t9re,Hancock_Participant39_04052017,FALSE
2t9re,Hancock_Participant43_05052017,FALSE
encwv,Hubbard_56_170426,FALSE
encwv,Hubbard_13_170412,FALSE
encwv,Hubbard_61_170427,FALSE
encwv,Hubbard_05_170411,FALSE
encwv,Hubbard_44_170420,FALSE
encwv,Hubbard_29_170418,FALSE
encwv,Hubbard_06_170411,FALSE
encwv,Hubbard_68_170428,FALSE
encwv,Hubbard_25_170414,FALSE
encwv,Hubbard_47_170421,FALSE
encwv,Hubbard_33_170419,FALSE
encwv,Hubbard_42_170420,FALSE
encwv,Hubbard_39_170420,FALSE
encwv,Hubbard_62_170427,FALSE
encwv,Hubbard_26_170414,FALSE
encwv,Hubbard_01_170411,FALSE
encwv,Hubbard_18_170413,FALSE
encwv,Hubbard_40_170420,FALSE
encwv,Hubbard_64_170427,FALSE
encwv,Hubbard_21_170413,FALSE
encwv,Hubbard_43_170420,FALSE
encwv,Hubbard_12_170412,FALSE
encwv,Hubbard_67_170428,FALSE
encwv,Hubbard_59_170427,FALSE
encwv,Hubbard_14_170413,FALSE
encwv,Hubbard_60_170427,FALSE
encwv,Hubbard_32_170418,FALSE
encwv,Hubbard_63_170427,FALSE
encwv,Hubbard_07_170411,FALSE
encwv,Hubbard_74_170502,FALSE
encwv,Hubbard_55_170426,FALSE
encwv,Hubbard_10_170412,FALSE
encwv,Hubbard_72_170501,FALSE
encwv,Hubbard_34_170419,FALSE
encwv,Hubbard_38_170420,FALSE
encwv,Hubbard_19_170413,FALSE
encwv,Hubbard_71_170501,FALSE
encwv,Hubbard_27_170417,FALSE
encwv,Hubbard_03_170411,FALSE
encwv,Hubbard_51_170425,FALSE
encwv,Hubbard_30_170418,FALSE
encwv,Hubbard_66_170428,FALSE
encwv,Hubbard_23_170414,FALSE
encwv,Hubbard_58_170426,FALSE
encwv,Hubbard_15_170413,FALSE
encwv,Hubbard_37_170420,FALSE
encwv,Hubbard_52_170425,FALSE
encwv,Hubbard_16_170413,FALSE
encwv,Hubbard_08_170412,FALSE
encwv,Hubbard_73_170502,FALSE
encwv,Hubbard_54_170426,FALSE
encwv,Hubbard_11_170412,FALSE
encwv,Hubbard_50_170421,FALSE
encwv,Hubbard_35_170419,FALSE
encwv,Hubbard_57_170426,FALSE
encwv,Hubbard_69_170501,FALSE
encwv,Hubbard_36_170419,FALSE
encwv,Hubbard_70_170501,FALSE
encwv,Hubbard_28_170417,FALSE
encwv,Hubbard_04_170411,FALSE
encwv,Hubbard_22_170413,FALSE
encwv,Hubbard_45_170420,FALSE
encwv,Hubbard_53_170426,FALSE
encwv,Hubbard_24_170414,FALSE
encwv,Hubbard_17_170413,FALSE
encwv,Hubbard_41_170420,FALSE
encwv,Hubbard_65_170428,FALSE
encwv,Hubbard_09_170412,FALSE
encwv,Hubbard_20_170413,FALSE
encwv,Hubbard_48_170421,FALSE
pqcf4,Holmes_S79_170623_2pm,FALSE
pqcf4,Holmes_S16_170331_5pm,FALSE
pqcf4,Holmes_S45_170412_3pm,FALSE
pqcf4,Holmes_S25_170407_4pm,FALSE
pqcf4,Holmes_S01_170327_3pm,FALSE
pqcf4,Holmes_S75_170510_3pm,FALSE
pqcf4,Holmes_S23_170407_12pm,FALSE
pqcf4,Holmes_S57_170414_12pm,FALSE
pqcf4,Holmes_S70_170416_6pm,FALSE
pqcf4,Holmes_S72_170416_8pm,FALSE
pqcf4,Holmes_S29_170409_9pm,FALSE
pqcf4,Holmes_S06_170328_4pm,FALSE
pqcf4,Holmes_S15_170331_4pm,FALSE
pqcf4,Holmes_S38_170411_4pm,FALSE
pqcf4,Holmes_S10_170329_5pm,FALSE
pqcf4,Holmes_S07_170328_5pm,FALSE
pqcf4,Holmes_S42_170412_12pm,FALSE
pqcf4,Holmes_S12_170330_4pm,FALSE
pqcf4,Holmes_S18_170406_2pm,FALSE
pqcf4,Holmes_S59_170414_3pm,FALSE
pqcf4,Holmes_S80_170623_3pm,FALSE
pqcf4,Holmes_S17_170406_1pm,FALSE
pqcf4,Holmes_S36_170411_1pm,FALSE
pqcf4,Holmes_S55_170413_7pm,FALSE
pqcf4,Holmes_S67_170416_3pm,FALSE
pqcf4,Holmes_S19_170406_3pm,FALSE
pqcf4,Holmes_S43_170412_1pm,FALSE
pqcf4,Holmes_S40_170411_7pm,FALSE
pqcf4,Holmes_S35_170410_9pm,FALSE
pqcf4,Holmes_S51_170413_1pm,FALSE
pqcf4,Holmes_S64_150417_6pm,FALSE
pqcf4,Holmes_S73_170416_9pm,FALSE
pqcf4,Holmes_S31_170410_3pm,FALSE
pqcf4,Holmes_S26_170407_5pm,FALSE
pqcf4,Holmes_S22_170406_8pm,FALSE
pqcf4,Holmes_S62_170415_12pm,FALSE
pqcf4,Holmes_S69_170416_5pm,FALSE
pqcf4,Holmes_S11_170330_3pm,FALSE
pqcf4,Holmes_S48_170412_7pm,FALSE
pqcf4,Holmes_S58_170414_2pm,FALSE
pqcf4,Holmes_S44_170412_2pm,FALSE
pqcf4,Holmes_S05_170328_3pm,FALSE
pqcf4,Holmes_S13_170330_5pm,FALSE
pqcf4,Holmes_S24_170407_1pm,FALSE
pqcf4,Holmes_S20_170406_4pm,FALSE
pqcf4,Holmes_S46_170412_4pm,FALSE
pqcf4,Holmes_S50_170413_8am,FALSE
pqcf4,Holmes_S63_170415_4pm,FALSE
pqcf4,Holmes_S28_170409_8pm,FALSE
pqcf4,Holmes_S09_170329_4pm,FALSE
pqcf4,Holmes_S08_170329_3pm,FALSE
pqcf4,Holmes_S41_170411_8pm,FALSE
pqcf4,Holmes_S34_170410_8pm,FALSE
pqcf4,Holmes_S52_170413_2pm,FALSE
pqcf4,Holmes_S66_170627_4pm,FALSE
pqcf4,Holmes_S77_170621_3pm,FALSE
pqcf4,Holmes_S78_170622_2pm,FALSE
pqcf4,Holmes_S21_170406_5pm,FALSE
pqcf4,Holmes_S37_170411_3pm,FALSE
pqcf4,Holmes_S30_170410_2pm,FALSE
pqcf4,Holmes_S49_170412_9pm,FALSE
pqcf4,Holmes_S68_170416_4pm,FALSE
pqcf4,Holmes_S33_170410_7pm,FALSE
pqcf4,Holmes_S53_170413_4pm,FALSE
pqcf4,Holmes_S60_170414_5pm,FALSE
pqcf4,Holmes_S71_170416_7pm,FALSE
pqcf4,Holmes_S74_170510_1pm,FALSE
pqcf4,Holmes_S76_170614_12pm,FALSE
pqcf4,Holmes_S14_170331_3pm,FALSE
pqcf4,Holmes_S39_170411_5pm,FALSE
pqcf4,Holmes_S02_170327_4pm,FALSE
pqcf4,Holmes_S61_170415_8am,FALSE
pqcf4,Holmes_S03_170327_5pm,FALSE
pqcf4,Holmes_S56_170413_8pm,FALSE
kx4w9,Ocampo_S110_170331,FALSE
kx4w9,Ocampo_S96_170322,FALSE
kx4w9,Ocampo_S124_170412,FALSE
kx4w9,Ocampo_S98_170322,FALSE
kx4w9,Ocampo_S122_170412,FALSE
kx4w9,Ocampo_S97_170322,FALSE
kx4w9,Ocampo_S28_170502,FALSE
kx4w9,Ocampo_S101_170322,FALSE
kx4w9,Ocampo_S24_170413,FALSE
kx4w9,Ocampo_S21_170413,FALSE
kx4w9,Ocampo_S139_170424,FALSE
kx4w9,Ocampo_S137_170424,FALSE
kx4w9,Ocampo_S92_170315,FALSE
kx4w9,Ocampo_S115_170405,FALSE
kx4w9,Ocampo_S93_170315,FALSE
kx4w9,Ocampo_S127_170419,FALSE
kx4w9,Ocampo_S104_170329,FALSE
kx4w9,Ocampo_S131_170419,FALSE
kx4w9,Ocampo_S129_170419,FALSE
kx4w9,Ocampo_S121_170412,FALSE
kx4w9,Ocampo_S123_170412,FALSE
kx4w9,Ocampo_S119_170412,FALSE
kx4w9,Ocampo_S126_170412,FALSE
kx4w9,Ocampo_S25_170413,FALSE
kx4w9,Ocampo_S134_170424,FALSE
kx4w9,Ocampo_S133_170424,FALSE
kx4w9,Ocampo_S113_170405,FALSE
kx4w9,Ocampo_S112_170405,FALSE
kx4w9,Ocampo_S116_170405,FALSE
kx4w9,Ocampo_S94_170315,FALSE
kx4w9,Ocampo_S91_170315,FALSE
kx4w9,Ocampo_S118_170405,FALSE
kx4w9,Ocampo_S106_170329,FALSE
kx4w9,Ocampo_S128_170419,FALSE
kx4w9,Ocampo_S108_170329,FALSE
kx4w9,Ocampo_S105_170329,FALSE
kx4w9,Ocampo_S130_170419,FALSE
kx4w9,Ocampo_S109_170331,FALSE
kx4w9,Ocampo_S111_170331,FALSE
kx4w9,Ocampo_S29_170502,FALSE
kx4w9,Ocampo_S100_170322,FALSE
kx4w9,Ocampo_S18_170412,FALSE
kx4w9,Ocampo_S30_170502,FALSE
kx4w9,Ocampo_S125_170412,FALSE
kx4w9,Ocampo_S120_170412,FALSE
kx4w9,Ocampo_S20_170412,FALSE
kx4w9,Ocampo_S99_170322,FALSE
kx4w9,Ocampo_S26_170413,FALSE
kx4w9,Ocampo_S22_170413,FALSE
kx4w9,Ocampo_S23_170413,FALSE
kx4w9,Ocampo_S140_170424,FALSE
kx4w9,Ocampo_S138_170424,FALSE
kx4w9,Ocampo_S136_170424,FALSE
kx4w9,Ocampo_S135_170424,FALSE
kx4w9,Ocampo_S95_170315,FALSE
kx4w9,Ocampo_S117_170405,FALSE
kx4w9,Ocampo_S114_170405,FALSE
kx4w9,Ocampo_S132_170419,FALSE
kx4w9,Ocampo_S103_170329,FALSE
kx4w9,Ocampo_S107_170329,FALSE
kwg95,Ansari_Participant_064,FALSE
kwg95,Ansari_Participant_038,FALSE
kwg95,Ansari_Participant_065,FALSE
kwg95,Ansari_Participant_039,FALSE
kwg95,Ansari_Participant_066,FALSE
kwg95,Ansari_Participant_067,FALSE
kwg95,Ansari_Participant_068,FALSE
kwg95,Ansari_Participant_020,FALSE
kwg95,Ansari_Participant_021,FALSE
kwg95,Ansari_Participant_022,FALSE
kwg95,Ansari_Participant_023,FALSE
kwg95,Ansari_Participant_024,FALSE
kwg95,Ansari_Participant_050,FALSE
kwg95,Ansari_Participant_051,FALSE
kwg95,Ansari_Participant_025,FALSE
kwg95,Ansari_Participant_052,FALSE
kwg95,Ansari_Participant_026,FALSE
kwg95,Ansari_Participant_053,FALSE
kwg95,Ansari_Participant_027,FALSE
kwg95,Ansari_Participant_054,FALSE
kwg95,Ansari_Participant_028,FALSE
kwg95,Ansari_Participant_055,FALSE
kwg95,Ansari_Participant_029,FALSE
kwg95,Ansari_Participant_056,FALSE
kwg95,Ansari_Participant_057,FALSE
kwg95,Ansari_Participant_058,FALSE
kwg95,Ansari_Participant_059,FALSE
kwg95,Ansari_Participant_010,FALSE
kwg95,Ansari_Participant_011,FALSE
kwg95,Ansari_Participant_012,FALSE
kwg95,Ansari_Participant_013,FALSE
kwg95,Ansari_Participant_014,FALSE
kwg95,Ansari_Participant_015,FALSE
kwg95,Ansari_Participant_016,FALSE
kwg95,Ansari_Participant_017,FALSE
kwg95,Ansari_Participant_018,FALSE
kwg95,Ansari_Participant_019,FALSE
kwg95,Ansari_Participant_002,FALSE
kwg95,Ansari_Participant_003,FALSE
kwg95,Ansari_Participant_004,FALSE
kwg95,Ansari_Participant_040,FALSE
kwg95,Ansari_Participant_005,FALSE
kwg95,Ansari_Participant_041,FALSE
kwg95,Ansari_Participant_006,FALSE
kwg95,Ansari_Participant_042,FALSE
kwg95,Ansari_Participant_043,FALSE
kwg95,Ansari_Participant_008,FALSE
kwg95,Ansari_Participant_044,FALSE
kwg95,Ansari_Participant_009,FALSE
kwg95,Ansari_Participant_045,FALSE
kwg95,Ansari_Participant_046,FALSE
kwg95,Ansari_Participant_047,FALSE
kwg95,Ansari_Participant_048,FALSE
kwg95,Ansari_Participant_049,FALSE
kwg95,Ansari_Participant_030,FALSE
kwg95,Ansari_Participant_031,FALSE
kwg95,Ansari_Participant_032,FALSE
kwg95,Ansari_Participant_033,FALSE
kwg95,Ansari_Participant_060,FALSE
kwg95,Ansari_Participant_034,FALSE
kwg95,Ansari_Participant_061,FALSE
kwg95,Ansari_Participant_035,FALSE
kwg95,Ansari_Participant_062,FALSE
kwg95,Ansari_Participant_036,FALSE
kwg95,Ansari_Participant_063,FALSE
kwg95,Ansari_Participant_037,FALSE
5hgk4,Bryce_S22_170517,FALSE
5hgk4,Bryce_S30_170517,FALSE
5hgk4,Bryce_S29_170517,FALSE
5hgk4,Bryce_S16_170512,FALSE
5hgk4,Bryce_S51_170529,FALSE
5hgk4,Bryce_S13_170511,FALSE
5hgk4,Bryce_S45_170523,FALSE
5hgk4,Bryce_S36_170519,FALSE
5hgk4,Bryce_S67_170710,FALSE
5hgk4,Bryce_S40_170522,FALSE
5hgk4,Bryce_S24_170516,FALSE
5hgk4,Bryce_S68_170714,FALSE
5hgk4,Bryce_S58_170601,FALSE
5hgk4,Bryce_S33_170518,FALSE
5hgk4,Bryce_S52_170529,FALSE
5hgk4,Bryce_S49_170524,FALSE
5hgk4,Bryce_S21_170515,FALSE
5hgk4,Bryce_S61_170602,FALSE
5hgk4,Bryce_S57_170531,FALSE
5hgk4,Bryce_S46_170523,FALSE
5hgk4,Bryce_S28_170516,FALSE
5hgk4,Bryce_S15_170512,FALSE
5hgk4,Bryce_S27_170516,FALSE
5hgk4,Bryce_S12_170510,FALSE
5hgk4,Bryce_S64_170629,FALSE
5hgk4,Bryce_S5_170509,FALSE
5hgk4,Bryce_S1_170324,FALSE
5hgk4,Bryce_S35_170519,FALSE
5hgk4,Bryce_S63_170626,FALSE
5hgk4,Bryce_S6_170509,FALSE
5hgk4,Bryce_S66_170710,FALSE
5hgk4,Bryce_S41_170522,FALSE
5hgk4,Bryce_S32_170517,FALSE
5hgk4,Bryce_S19_170515,FALSE
5hgk4,Bryce_S59_170601,FALSE
5hgk4,Bryce_S20_170515,FALSE
5hgk4,Bryce_S47_170523,FALSE
5hgk4,Bryce_S56_170531,FALSE
5hgk4,Bryce_S8_170510,FALSE
5hgk4,Bryce_S14_170512,FALSE
5hgk4,Bryce_S26_170516,FALSE
5hgk4,Bryce_S53_170530,FALSE
5hgk4,Bryce_S62_170607,FALSE
5hgk4,Bryce_S42_170522,FALSE
5hgk4,Bryce_S9_170510,FALSE
5hgk4,Bryce_S11_170510,FALSE
5hgk4,Bryce_S2_170424,FALSE
5hgk4,Bryce_S65_170630,FALSE
5hgk4,Bryce_S50_170524,FALSE
5hgk4,Bryce_S3_170508,FALSE
5hgk4,Bryce_S39_170522,FALSE
5hgk4,Bryce_S34_170519,FALSE
5hgk4,Bryce_S23_170516,FALSE
5hgk4,Bryce_S55_170531,FALSE
5hgk4,Bryce_S18_170512,FALSE
5hgk4,Bryce_S17_170512,FALSE
5hgk4,Bryce_S31_170517,FALSE
5hgk4,Bryce_S38_170519,FALSE
5hgk4,Bryce_S44_170523,FALSE
5hgk4,Bryce_S7_170510,FALSE
5hgk4,Bryce_S37_170519,FALSE
5hgk4,Bryce_S43_170522,FALSE
5hgk4,Bryce_S25_170516,FALSE
5hgk4,Bryce_S10_170510,FALSE
5hgk4,Bryce_S60_170602,FALSE
5hgk4,Bryce_S54_170530,FALSE
5hgk4,Bryce_S48_170524,FALSE
5hgk4,Bryce_S4_170508,FALSE
3s4uh,COLLING_S039_170412,TRUE
3s4uh,COLLING_S036_170404,TRUE
3s4uh,COLLING_S004_170313,TRUE
3s4uh,COLLING_S063_170619,FALSE
3s4uh,COLLING_S056_170606,FALSE
3s4uh,COLLING_S009_170314,TRUE
3s4uh,COLLING_S002_170313,TRUE
3s4uh,COLLING_S015_170321,TRUE
3s4uh,COLLING_S065_170622,TRUE
3s4uh,COLLING_S045_170425,TRUE
3s4uh,COLLING_S023_170323,TRUE
3s4uh,COLLING_S072_170705,TRUE
3s4uh,COLLING_S046_170508,TRUE
3s4uh,COLLING_S006_170314,TRUE
3s4uh,COLLING_S019_170322,TRUE
3s4uh,COLLING_S059_170608,TRUE
3s4uh,COLLING_S041_170413,TRUE
3s4uh,COLLING_S069_170626,TRUE
3s4uh,COLLING_S035_170403,TRUE
3s4uh,COLLING_S022_170322,TRUE
3s4uh,COLLING_S061_170616,TRUE
3s4uh,COLLING_S030_170403,FALSE
3s4uh,COLLING_S024_170324,TRUE
3s4uh,COLLING_S051_170518,FALSE
3s4uh,COLLING_S027_170327,TRUE
3s4uh,COLLING_S049_170509,TRUE
3s4uh,COLLING_S068_170623,FALSE
3s4uh,COLLING_S018_170322,TRUE
3s4uh,COLLING_S071_170705,TRUE
3s4uh,COLLING_S021_170322,TRUE
3s4uh,COLLING_S026_170325,TRUE
3s4uh,COLLING_S037_170410,TRUE
3s4uh,COLLING_S042_170413,TRUE
3s4uh,COLLING_S038_170410,TRUE
3s4uh,COLLING_S062_170616,FALSE
3s4uh,COLLING_S007_170314,TRUE
3s4uh,COLLING_S058_170606,FALSE
3s4uh,COLLING_S020_170322,TRUE
3s4uh,COLLING_S032_170403,FALSE
3s4uh,COLLING_S025_170324,TRUE
3s4uh,COLLING_S052_170519,FALSE
3s4uh,COLLING_S057_170606,TRUE
3s4uh,COLLING_S008_170314,TRUE
3s4uh,COLLING_S053_170523,FALSE
3s4uh,COLLING_S043_170424,TRUE
3s4uh,COLLING_S034_170403,TRUE
3s4uh,COLLING_S033_170403,TRUE
3s4uh,COLLING_S070_170628,FALSE
3s4uh,COLLING_S017_170321,FALSE
3s4uh,COLLING_S048_170508,TRUE
3s4uh,COLLING_S067_170622,TRUE
3s4uh,COLLING_S001_170313,TRUE
3s4uh,COLLING_S012_170320,TRUE
3s4uh,COLLING_S044_170424,FALSE
3s4uh,COLLING_S054_170526,FALSE
3s4uh,COLLING_S047_170508,TRUE
3s4uh,COLLING_S029_170328,FALSE
3s4uh,COLLING_S064_170621,FALSE
3s4uh,COLLING_S040_170413,TRUE
3s4uh,COLLING_S060_170613,TRUE
3s4uh,COLLING_S050_170515,TRUE
3s4uh,COLLING_S031_170403,TRUE
3s4uh,COLLING_S055_170531,TRUE
3s4uh,COLLING_S005_170314,TRUE
3s4uh,COLLING_S016_170321,TRUE
3s4uh,COLLING_S066_170622,TRUE
3s4uh,COLLING_S011_170320,TRUE
3s4uh,COLLING_S028_170327,TRUE
nzxwr,moeller_75_171010,TRUE
nzxwr,moeller_73_171010,TRUE
nzxwr,moeller_44_170811,TRUE
nzxwr,moeller_60_171002,TRUE
nzxwr,moeller_58_171002,TRUE
nzxwr,moeller_04_170523,TRUE
nzxwr,moeller_24_170714,TRUE
nzxwr,moeller_66_171005,TRUE
nzxwr,moeller_31_170725,TRUE
nzxwr,moeller_32_170725,TRUE
nzxwr,moeller_69_171006,TRUE
nzxwr,moeller_11_170616,TRUE
nzxwr,moeller_37_170807,TRUE
nzxwr,moeller_42_170808,TRUE
nzxwr,moeller_49_170928,TRUE
nzxwr,moeller_43_170808,TRUE
nzxwr,moeller_71_171009,TRUE
nzxwr,moeller_74_171010,TRUE
nzxwr,moeller_05_170530,TRUE
nzxwr,moeller_06_170530,TRUE
nzxwr,moeller_77_171011,TRUE
nzxwr,moeller_22_170711,TRUE
nzxwr,moeller_35_170801,TRUE
nzxwr,moeller_59_171002,TRUE
nzxwr,moeller_10_170613,TRUE
nzxwr,moeller_09_170613,TRUE
nzxwr,moeller_03_170523,TRUE
nzxwr,moeller_13_170623,TRUE
nzxwr,moeller_64_171004,TRUE
nzxwr,moeller_61_171004,TRUE
nzxwr,moeller_67_171005,TRUE
nzxwr,moeller_07_170607,TRUE
nzxwr,moeller_46_170927,TRUE
nzxwr,moeller_15_170627,TRUE
nzxwr,moeller_26_170717,TRUE
nzxwr,moeller_38_170807,TRUE
nzxwr,moeller_20_170707,TRUE
nzxwr,moeller_29_170718,TRUE
nzxwr,moeller_50_170928,TRUE
nzxwr,moeller_40_170808,TRUE
nzxwr,moeller_72_171009,TRUE
nzxwr,moeller_54_170929,TRUE
nzxwr,moeller_76_171010,TRUE
nzxwr,moeller_36_170801,TRUE
nzxwr,moeller_02_170512,TRUE
nzxwr,moeller_57_171002,TRUE
nzxwr,moeller_63_171004,TRUE
nzxwr,moeller_62_171004,TRUE
nzxwr,moeller_23_170714,TRUE
nzxwr,moeller_30_170724,TRUE
nzxwr,moeller_65_171005,TRUE
nzxwr,moeller_68_171006,TRUE
nzxwr,moeller_39_170807,TRUE
nzxwr,moeller_18_170707,TRUE
nzxwr,moeller_47_170927,TRUE
nzxwr,moeller_25_170717,TRUE
nzxwr,moeller_51_170928,TRUE
nzxwr,moeller_52_170928,TRUE
nzxwr,moeller_53_170928,TRUE
nzxwr,moeller_28_170718,TRUE
nzxwr,moeller_70_171009,TRUE
nzxwr,moeller_55_170929,TRUE
nzxwr,moeller_56_170929,TRUE
nzxwr,moeller_12_170619,TRUE
